Waley,Seidensticker
02HH10,53TN13
02HH11,
04YG11,
06ST09,
10SK30,
10SK31,
12SM10,
12SM20,
12SM22,
12SM26,
12SM28,
12SM29,
12SM31,
12SM32,
12SM33,
12SM35,
12SM36,
12SM39,
12SM40,
12SM41,
12SM42,
12SM43,
12SM44,
13AK02,
13AK16,
13AK17,
13AK24,
13AK25,
14MT03,
14MT04,
14MT05,
14MT06,
14MT15,
15YM04,
15YM05,
15YM06,
16SY01,
18MK04,
18MK05,
18MK09,
18MK10,
18MK11,
18MK14,
18MK15,
18MK16,
20AG05,
20AG12,
21OT03,
22TM01,
22TM02,
24KC10,
24KC11,
24KC14,
25HR07,
25HR08,
28NW01,
28NW02,
28NW03,
29MY04,
29MY06,
29MY07,
29MY08,
29MY09,
30FJ01,
30FJ02,
30FJ03,
30FJ04,
31MA03,
31MA04,
31MA05,
31MA07,
31MA08,
31MA09,
31MA16,
31MA18,
33FU05,
33FU06,
33FU07,
33FU08,
33FU11,
33FU12,
34WJ01,
34WJ02,
34WJ05,
34WJ06,
34WJ09,
34WJ10,
34WJ11,
34WJ12,
34WJ13,
34WJ14,
34WJ20,
34WJ21,
34WJ22,
35WG02,
35WG03,
35WG04,
35WG05,
35WG06,
35WG07,
35WG10,
35WG11,
35WG13,
35WG14,
35WG15,
35WG16,
35WG17,
35WG18,
36KW04,
36KW05,
36KW06,
36KW07,
36KW08,
36KW09,
37YB02,
37YB04,
37YB05,
38SZ01,
38SZ02,
38SZ03,
38SZ04,
38SZ05,
38SZ06,
39YR03,
39YR04,
39YR05,
39YR06,
39YR07,
39YR08,
39YR13,
39YR14,
39YR15,
39YR18,
39YR19,
39YR20,
39YR21,
39YR22,
40MN03,
40MN04,
40MN07,
40MN08,
41MB03,
41MB05,
41MB06,
41MB07,
41MB08,
41MB09,
41MB14,
41MB15,
41MB16,
41MB17,
41MB18,
41MB19,
41MB20,
41MB21,
53TN23,
53TN24,
53TN25,
53TN26,
49YD14,
49YD15,
49YD22,
45HS04,
45HS07,
46SI13,
46SI14,
47AM27,
48SW10,
48SW11,
48SW15,
49YD13,
53TN13,
49YD02,
49YD21,
53TN09,
53TN10,
43KB03,
43KB04,
44TA03,
44TA04,
44TA13,
44TA15,
44TA16,
44TA17,
44TA18,
44TA21,
44TA22,
